Sales person,Team,Picture
Barr Faughny,Yummies,https://files.chandoo.org/pbix/img/circle/men-46.png
Dennison Crosswaite,Yummies,https://files.chandoo.org/pbix/img/circle/men-10.png
Gunar Cockshoot,Yummies,https://files.chandoo.org/pbix/img/circle/men-8.png
Curtice Advani,Delish,https://files.chandoo.org/pbix/img/circle/men-30.png
Kaine Padly,Delish,https://files.chandoo.org/pbix/img/circle/men-80.png
Ches Bonnell,Delish,https://files.chandoo.org/pbix/img/circle/men-74.png
Brien Boise,Delish,https://files.chandoo.org/pbix/img/circle/men-22.png
Husein Augar,Delish,https://files.chandoo.org/pbix/img/circle/men-94.png
Beverie Moffet,Jucies,https://files.chandoo.org/pbix/img/circle/men-61.png
Oby Sorrel,Jucies,https://files.chandoo.org/pbix/img/circle/men-17.png
Wilone O'Kielt,Yummies,https://files.chandoo.org/pbix/img/circle/men-28.png
Gigi Bohling,Yummies,https://files.chandoo.org/pbix/img/circle/women-58.png
Andria Kimpton,Delish,https://files.chandoo.org/pbix/img/circle/women-81.png
Karlen McCaffrey,Delish,https://files.chandoo.org/pbix/img/circle/women-33.png
Jan Morforth,Yummies,https://files.chandoo.org/pbix/img/circle/women-89.png
Dotty Strutley,Jucies,https://files.chandoo.org/pbix/img/circle/women-4.png
Kelci Walkden,Jucies,https://files.chandoo.org/pbix/img/circle/women-59.png
Marney O'Breen,Jucies,https://files.chandoo.org/pbix/img/circle/women-6.png
Rafaelita Blaksland,Jucies,https://files.chandoo.org/pbix/img/circle/women-55.png
Madelene Upcott,Jucies,https://files.chandoo.org/pbix/img/circle/women-60.png
Camilla Castle,Tempo,https://files.chandoo.org/pbix/img/circle/women-7.png
Jehu Rudeforth,Tempo,https://files.chandoo.org/pbix/img/circle/women-21.png
Mallorie Waber,Tempo,https://files.chandoo.org/pbix/img/circle/men-27.png
Van Tuxwell,Tempo,https://files.chandoo.org/pbix/img/circle/men-52.png
Roddy Speechley,Tempo,https://files.chandoo.org/pbix/img/circle/men-57.png